hiddenScore,score,qualityRank,code,name,market,sector,status,judgement,signal,strategy,priceScore,winRate,averageReturn,maxDrawdown,periodReturn,trades,timingAction,assistAction,qualityNote,comment,nextCheck,caution,reason
187.5,187.5,187.5,3936,"Globalway,Inc.",Growth Market(Domestic),Information & Communication,様子見候補,中立,待ち,安値反転,120.6,100,53.1,-4.6,-21.8,1,様子見,様子見,検証回数少なめ,価格検証は良いものの回数が少ないため、まず財務と出来高を確認します,財務、材料、出来高,検証回数少なめ,安値反転の検証が良い
164.9,164.9,164.9,4596,"Kubota Pharmaceutical Holdings Co.,Ltd.",Growth Market(Domestic),Pharmaceutical,様子見候補,中立,待ち,安値反転,106.1,100,45.7,-4.3,31,1,様子見,様子見,検証回数少なめ,価格検証は良いものの回数が少ないため、まず財務と出来高を確認します,財務、材料、出来高,検証回数少なめ,安値反転の検証が良い
164,164,164,3358,"Trailhead Global Holdings,Inc.",Standard Market(Domestic),Retail Trade,様子見候補,中立,待ち,高値更新,106.2,100,46.6,-5.8,-12.4,1,様子見,様子見,検証回数少なめ,価格検証は良いものの回数が少ないため、まず財務と出来高を確認します,財務、材料、出来高,検証回数少なめ,高値更新型で勢いがある
157.1,157.1,157.1,1945,TOKYO ENERGY & SYSTEMS INC.,Prime Market (Domestic),Construction,未発掘の財務確認候補,中立,上昇中押し目,安値反転,97.8,100,37.6,-4.4,83.4,1,財務確認して監視,財務確認して監視,検証回数少なめ,押し目候補ですが、通常候補へ入れる前に財務確認が必要です,BPS、EPS、現金、有利子負債、直近決算,検証回数少なめ,既存候補外で上昇中の押し目に見える
156.5,156.5,156.5,4395,Accrete Inc.,Growth Market(Domestic),Information & Communication,様子見候補,中立,待ち,安値反転,101,100,43.3,-4.7,-15.6,1,様子見,様子見,検証回数少なめ,価格検証は良いものの回数が少ないため、まず財務と出来高を確認します,財務、材料、出来高,検証回数少なめ,安値反転の検証が良い
155.8,155.8,155.8,2385,Soiken Holdings Inc.,Growth Market(Domestic),Services,様子見候補,中立,待ち,高値更新,98.6,100,39.3,0,51.2,1,様子見,様子見,検証回数少なめ,価格検証は良いものの回数が少ないため、まず財務と出来高を確認します,財務、材料、出来高,検証回数少なめ,高値更新型で勢いがある
150.6,150.6,150.6,3823,"THE WHY HOW DO COMPANY,Inc.",Standard Market(Domestic),Information & Communication,様子見候補,中立,待ち,安値反転,108,100,44,0,-75.8,1,様子見,様子見,検証回数少なめ,価格検証は良いものの回数が少ないため、まず財務と出来高を確認します,財務、材料、出来高,検証回数少なめ,安値反転の検証が良い
146.9,146.9,146.9,7810,"Crossfor Co.,Ltd.",Standard Market(Domestic),Other Products,様子見候補,中立,待ち,安値反転,95.5,100,41.3,-6,-14.8,1,様子見,様子見,検証回数少なめ,価格検証は良いものの回数が少ないため、まず財務と出来高を確認します,財務、材料、出来高,検証回数少なめ,安値反転の検証が良い
146.3,146.3,146.3,9818,"DAIMARU ENAWIN Co.,Ltd.",Standard Market(Domestic),Wholesale Trade,様子見候補,中立,待ち,安値反転,92.6,100,36.3,0,-6.1,1,様子見,様子見,検証回数少なめ,価格検証は良いものの回数が少ないため、まず財務と出来高を確認します,財務、材料、出来高,検証回数少なめ,安値反転の検証が良い
144.9,144.9,144.9,3964,AUCNET INC.,Prime Market (Domestic),Information & Communication,未発掘の財務確認候補,良さそう,上昇中押し目,上昇中押し目,62.1,75,10.9,-5,82.3,4,今すぐ財務確認,今すぐ財務確認,財務確認前,価格上は上昇中の押し目に近いです。買う前に財務と材料をすぐ確認します,BPS、EPS、現金、有利子負債、直近決算,なし,既存候補外で上昇中の押し目に見える
144,144,144,2693,YKT CORPORATION,Standard Market(Domestic),Wholesale Trade,未発掘の財務確認候補,中立,上昇中押し目,上昇中押し目,89.3,100,33.1,-4,54.4,1,財務確認して監視,財務確認して監視,検証回数少なめ,押し目候補ですが、通常候補へ入れる前に財務確認が必要です,BPS、EPS、現金、有利子負債、直近決算,検証回数少なめ,既存候補外で上昇中の押し目に見える
142.6,142.6,142.6,9075,"FUKUYAMA TRANSPORTING CO.,LTD.",Prime Market (Domestic),Land Transportation,未発掘の財務確認候補,良さそう,上昇中押し目,高値更新,60.2,75,9.4,-4,80.3,4,今すぐ財務確認,今すぐ財務確認,財務確認前,価格上は上昇中の押し目に近いです。買う前に財務と材料をすぐ確認します,BPS、EPS、現金、有利子負債、直近決算,なし,既存候補外で上昇中の押し目に見える
140,140,140,5216,"KURAMOTO CO.,LTD.",Standard Market(Domestic),Glass and Ceramics Products,様子見候補,中立,待ち,安値反転,89.5,100,36.2,-2.3,-27.4,1,様子見,様子見,検証回数少なめ,価格検証は良いものの回数が少ないため、まず財務と出来高を確認します,財務、材料、出来高,検証回数少なめ,安値反転の検証が良い
138.3,138.3,138.3,4125,SANWAYUKA INDUSTRY CORPORATION,Standard Market(Domestic),Chemicals,未発掘の財務確認候補,良さそう,上昇中押し目,上昇中押し目,58,66.7,9.9,-1.8,122.4,3,財務確認して監視,財務確認して監視,財務確認前,押し目候補ですが、通常候補へ入れる前に財務確認が必要です,BPS、EPS、現金、有利子負債、直近決算,なし,既存候補外で上昇中の押し目に見える
138.2,138.2,138.2,7800,"Amifa Co.,Ltd.",Standard Market(Domestic),Other Products,様子見候補,中立,待ち,安値反転,87.5,100,34,-0.3,36.7,1,様子見,様子見,検証回数少なめ,価格検証は良いものの回数が少ないため、まず財務と出来高を確認します,財務、材料、出来高,検証回数少なめ,安値反転の検証が良い
137.2,137.2,137.2,7537,MARUBUN CORPORATION,Prime Market (Domestic),Wholesale Trade,様子見候補,中立,待ち,安値反転,87.2,100,34.2,-1,71.2,1,様子見,様子見,検証回数少なめ,価格検証は良いものの回数が少ないため、まず財務と出来高を確認します,財務、材料、出来高,検証回数少なめ,安値反転の検証が良い
133.1,133.1,133.1,9913,NIPPO LTD.,Standard Market(Domestic),Wholesale Trade,未発掘の財務確認候補,中立,上昇中押し目,安値反転,80.7,100,26.4,0,59,1,財務確認して監視,財務確認して監視,検証回数少なめ,押し目候補ですが、通常候補へ入れる前に財務確認が必要です,BPS、EPS、現金、有利子負債、直近決算,検証回数少なめ,既存候補外で上昇中の押し目に見える
133.1,133.1,133.1,4040,"NANKAI CHEMICAL COMPANY,LIMITED",Standard Market(Domestic),Chemicals,未発掘の財務確認候補,良さそう,上昇中押し目,上昇中押し目,54.6,66.7,8.1,-1.6,12.4,3,財務確認して監視,財務確認して監視,財務確認前,押し目候補ですが、通常候補へ入れる前に財務確認が必要です,BPS、EPS、現金、有利子負債、直近決算,なし,既存候補外で上昇中の押し目に見える
132.9,132.9,132.9,1711,"SDS HOLDINGS Co.,Ltd.",Standard Market(Domestic),Construction,様子見候補,中立,待ち,安値反転,84.4,100,32.7,-0.8,-12,1,様子見,様子見,検証回数少なめ,価格検証は良いものの回数が少ないため、まず財務と出来高を確認します,財務、材料、出来高,検証回数少なめ,安値反転の検証が良い
132.9,132.9,132.9,6315,TOWA CORPORATION,Prime Market (Domestic),Machinery,未発掘の財務確認候補,良さそう,上昇中押し目,上昇中押し目,56,80,8,-9.1,99.1,5,今すぐ財務確認,今すぐ財務確認,財務確認前,価格上は上昇中の押し目に近いです。買う前に財務と材料をすぐ確認します,BPS、EPS、現金、有利子負債、直近決算,なし,既存候補外で上昇中の押し目に見える
132.6,132.6,132.6,9338,INFORICH INC.,Growth Market(Domestic),Services,押し目待ちで監視,中立,高値圏,高値更新,109.1,100,46.5,0,50.2,1,高値なので待つ,高値なので待つ,飛びつき注意,価格検証は強いですが、高値圏または急騰後です。押し目が出るまで待ちます,押し目、出来高継続、材料,検証回数少なめ / 高値圏,高値更新型で勢いがある
132.5,132.5,132.5,7376,"BCC Co.,Ltd.",Growth Market(Domestic),Services,未発掘の財務確認候補,中立,上昇中押し目,安値反転,81,100,27.2,-1.3,87.5,1,財務確認して監視,財務確認して監視,検証回数少なめ,押し目候補ですが、通常候補へ入れる前に財務確認が必要です,BPS、EPS、現金、有利子負債、直近決算,検証回数少なめ,既存候補外で上昇中の押し目に見える
132.2,132.2,132.2,6189,Global Kids Company Corp.,Standard Market(Domestic),Services,様子見候補,中立,待ち,安値反転,84.1,100,32.8,-1.2,38.7,1,様子見,様子見,検証回数少なめ,価格検証は良いものの回数が少ないため、まず財務と出来高を確認します,財務、材料、出来高,検証回数少なめ,安値反転の検証が良い
131.1,131.1,131.1,6861,KEYENCE CORPORATION,Prime Market (Domestic),Electric Appliances,未発掘の財務確認候補,良さそう,上昇中押し目,上昇中押し目,54.3,75,8.3,-7.2,29.4,4,今すぐ財務確認,今すぐ財務確認,財務確認前,価格上は上昇中の押し目に近いです。買う前に財務と材料をすぐ確認します,BPS、EPS、現金、有利子負債、直近決算,なし,既存候補外で上昇中の押し目に見える
130,130,130,7733,OLYMPUS CORPORATION,Prime Market (Domestic),Precision Instruments,様子見候補,中立,待ち,安値反転,82.2,100,31.1,0,-14.5,1,様子見,様子見,検証回数少なめ,価格検証は良いものの回数が少ないため、まず財務と出来高を確認します,財務、材料、出来高,検証回数少なめ,安値反転の検証が良い
128.9,128.9,128.9,3941,"Rengo Co.,Ltd.",Prime Market (Domestic),Pulp and Paper,未発掘の財務確認候補,良さそう,上昇中押し目,高値更新,53.1,75,8.1,-7.8,91.5,4,今すぐ財務確認,今すぐ財務確認,財務確認前,価格上は上昇中の押し目に近いです。買う前に財務と材料をすぐ確認します,BPS、EPS、現金、有利子負債、直近決算,なし,既存候補外で上昇中の押し目に見える
128.2,128.2,128.2,7771,"Nihon Seimitsu Co.,Ltd.",Standard Market(Domestic),Precision Instruments,押し目待ちで監視,中立,待ち,安値反転,101.4,100,40.7,0,275,1,高値なので待つ,高値なので待つ,飛びつき注意,価格検証は強いですが、高値圏または急騰後です。押し目が出るまで待ちます,押し目、出来高継続、材料,検証回数少なめ / 急騰後,安値反転の検証が良い
128.2,128.2,128.2,5381,Mipox Corporation,Standard Market(Domestic),Glass and Ceramics Products,未発掘の財務確認候補,中立,上昇中押し目,安値反転,78.3,100,26.1,-1.6,142.6,1,財務確認して監視,財務確認して監視,検証回数少なめ,押し目候補ですが、通常候補へ入れる前に財務確認が必要です,BPS、EPS、現金、有利子負債、直近決算,検証回数少なめ,既存候補外で上昇中の押し目に見える
127.4,127.4,127.4,9701,"Tokyo Kaikan Co.,Ltd.",Standard Market(Domestic),Services,未発掘の監視候補,良さそう,待ち,高値更新,64.6,100,12.5,-1.2,6.4,2,監視候補,監視候補,負けにくさ良好,既存候補外で価格検証に残ったため、監視候補として確認します,財務、材料、出来高,なし,高値更新型で勢いがある
127,127,127,5943,NORITZ CORPORATION,Prime Market (Domestic),Metal Products,様子見候補,中立,待ち,安値反転,80.7,100,30.9,-0.9,17.4,1,様子見,様子見,検証回数少なめ,価格検証は良いものの回数が少ないため、まず財務と出来高を確認します,財務、材料、出来高,検証回数少なめ,安値反転の検証が良い
127,127,127,9708,"Imperial Hotel,Ltd.",Standard Market(Domestic),Services,未発掘の監視候補,良さそう,待ち,高値更新,63.8,100,12,-3.4,3.5,3,監視候補,監視候補,負けにくさ良好,既存候補外で価格検証に残ったため、監視候補として確認します,財務、材料、出来高,なし,高値更新型で勢いがある
126.9,126.9,126.9,4229,"Gun Ei Chemical Industry Co.,Ltd.",Prime Market (Domestic),Chemicals,未発掘の監視候補,良さそう,待ち,上昇中押し目,63.6,100,11.7,-3.1,62.3,3,監視候補,監視候補,負けにくさ良好,既存候補外で価格検証に残ったため、監視候補として確認します,財務、材料、出来高,なし,価格検証で候補圏に残った
126.8,126.8,126.8,9031,"Nishi-Nippon Railroad Co.,Ltd.",Prime Market (Domestic),Land Transportation,未発掘の監視候補,良さそう,待ち,高値更新,64.4,100,12.8,-1.7,34.3,2,監視候補,監視候補,負けにくさ良好,既存候補外で価格検証に残ったため、監視候補として確認します,財務、材料、出来高,なし,高値更新型で勢いがある
126.7,126.7,126.7,1827,NAKANO CORPORATION,Standard Market(Domestic),Construction,未発掘の監視候補,良さそう,待ち,高値更新,62.9,100,11,-5.1,80,4,監視候補,監視候補,負けにくさ良好,既存候補外で価格検証に残ったため、監視候補として確認します,財務、材料、出来高,なし,高値更新型で勢いがある
126.6,126.6,126.6,6182,MetaReal Corporation,Growth Market(Domestic),Services,様子見候補,中立,待ち,安値反転,80.8,100,31.4,-1.7,-0.4,1,様子見,様子見,検証回数少なめ,価格検証は良いものの回数が少ないため、まず財務と出来高を確認します,財務、材料、出来高,検証回数少なめ,安値反転の検証が良い
126.6,126.6,126.6,7446,"TOHOKU CHEMICAL Co.,LTD.",Standard Market(Domestic),Wholesale Trade,未発掘の監視候補,良さそう,待ち,上昇中押し目,64.5,100,13.1,-2.2,22.5,2,監視候補,監視候補,負けにくさ良好,既存候補外で価格検証に残ったため、監視候補として確認します,財務、材料、出来高,なし,価格検証で候補圏に残った
126.5,126.5,126.5,6656,inspec Inc.,Standard Market(Domestic),Electric Appliances,未発掘の財務確認候補,中立,上昇中押し目,上昇中押し目,76.6,100,24.3,0,61.8,1,財務確認して監視,財務確認して監視,検証回数少なめ,押し目候補ですが、通常候補へ入れる前に財務確認が必要です,BPS、EPS、現金、有利子負債、直近決算,検証回数少なめ,既存候補外で上昇中の押し目に見える
126.5,126.5,126.5,8147,TOMITA CO.LTD.,Standard Market(Domestic),Wholesale Trade,未発掘の監視候補,良さそう,待ち,上昇中押し目,63.9,100,12.1,-1,1.7,2,監視候補,監視候補,負けにくさ良好,既存候補外で価格検証に残ったため、監視候補として確認します,財務、材料、出来高,なし,価格検証で候補圏に残った
126.3,126.3,126.3,6248,"Yokota Manufacturing Co., Ltd.",Standard Market(Domestic),Machinery,未発掘の監視候補,良さそう,安値反転候補,安値反転,67.2,100,8.3,-0.3,13.9,2,様子見,様子見,負けにくさ良好,既存候補外で価格検証に残ったため、監視候補として確認します,財務、材料、出来高,なし,安値反転の検証が良い
126.2,126.2,126.2,4538,"Fuso Pharmaceutical Industries,Ltd.",Prime Market (Domestic),Pharmaceutical,未発掘の監視候補,良さそう,安値反転候補,安値反転,67,100,8,0,-4.3,2,様子見,様子見,負けにくさ良好,既存候補外で価格検証に残ったため、監視候補として確認します,財務、材料、出来高,なし,安値反転の検証が良い
126.1,126.1,126.1,6771,"IKEGAMI TSUSHINKI CO.,LTD.",Standard Market(Domestic),Electric Appliances,未発掘の監視候補,良さそう,待ち,安値反転,63.2,100,11.7,-3.4,8,3,監視候補,監視候補,負けにくさ良好,既存候補外で価格検証に残ったため、監視候補として確認します,財務、材料、出来高,なし,安値反転の検証が良い
125.9,125.9,125.9,5031,Moi Corporation,Growth Market(Domestic),Information & Communication,様子見候補,中立,待ち,安値反転,79.6,100,29.8,0,37.5,1,様子見,様子見,検証回数少なめ,価格検証は良いものの回数が少ないため、まず財務と出来高を確認します,財務、材料、出来高,検証回数少なめ,安値反転の検証が良い
125.4,125.4,125.4,3352,"BUFFALO CO.,LTD.",Standard Market(Domestic),Retail Trade,未発掘の監視候補,良さそう,安値反転候補,高値更新,67.7,100,10,-2.8,27.9,2,監視候補,監視候補,負けにくさ良好,既存候補外で価格検証に残ったため、監視候補として確認します,財務、材料、出来高,なし,高値更新型で勢いがある
125.4,125.4,125.4,3646,"Ekitan & Co.,Ltd.",Standard Market(Domestic),Information & Communication,未発掘の監視候補,良さそう,待ち,安値反転,63.3,100,11.9,-1.2,0.6,2,監視候補,監視候補,負けにくさ良好,既存候補外で価格検証に残ったため、監視候補として確認します,財務、材料、出来高,なし,安値反転の検証が良い
125.2,125.2,125.2,8117,CENTRAL AUTOMOTIVE PRODUCTS LTD.,Standard Market(Domestic),Wholesale Trade,未発掘の監視候補,良さそう,待ち,安値反転,63.3,100,12,-1.4,12.1,2,監視候補,監視候補,負けにくさ良好,既存候補外で価格検証に残ったため、監視候補として確認します,財務、材料、出来高,なし,安値反転の検証が良い
125.1,125.1,125.1,9310,Japan Transcity Corporation,Prime Market (Domestic),Warehousing and Harbor Transportation Service,未発掘の監視候補,良さそう,安値反転候補,安値反転,67.3,100,9.6,-2.4,12.1,2,様子見,様子見,負けにくさ良好,既存候補外で価格検証に残ったため、監視候補として確認します,財務、材料、出来高,なし,安値反転の検証が良い
125,125,125,4114,"NIPPON SHOKUBAI CO.,LTD.",Prime Market (Domestic),Chemicals,未発掘の監視候補,良さそう,待ち,高値更新,63.7,100,12.9,-2.6,25.8,2,監視候補,監視候補,負けにくさ良好,既存候補外で価格検証に残ったため、監視候補として確認します,財務、材料、出来高,なし,高値更新型で勢いがある
125,125,125,1435,robot home Inc.,Standard Market(Domestic),Real Estate,未発掘の監視候補,良さそう,待ち,安値反転,62.6,100,10.8,0,11.4,2,監視候補,監視候補,負けにくさ良好,既存候補外で価格検証に残ったため、監視候補として確認します,財務、材料、出来高,なし,安値反転の検証が良い
125,125,125,7326,"SBI Insurance Group Co.,Ltd.",Growth Market(Domestic),Insurance,未発掘の監視候補,良さそう,待ち,高値更新,61.7,100,9.6,-1.3,62.9,3,様子見,様子見,負けにくさ良好,既存候補外で価格検証に残ったため、監視候補として確認します,財務、材料、出来高,なし,高値更新型で勢いがある
124.9,124.9,124.9,3183,"WIN-Partners Co.,Ltd.",Prime Market (Domestic),Wholesale Trade,未発掘の監視候補,良さそう,安値反転候補,安値反転,66.8,100,8.7,-1.4,-7.7,2,様子見,様子見,負けにくさ良好,既存候補外で価格検証に残ったため、監視候補として確認します,財務、材料、出来高,なし,安値反転の検証が良い
124.8,124.8,124.8,3803,Image Information Inc.,Growth Market(Domestic),Information & Communication,様子見候補,中立,待ち,安値反転,80.8,100,33.1,-4.5,-6.4,1,様子見,様子見,検証回数少なめ,価格検証は良いものの回数が少ないため、まず財務と出来高を確認します,財務、材料、出来高,検証回数少なめ,安値反転の検証が良い
124.8,124.8,124.8,6093,"Escrow Agent Japan,Inc.",Standard Market(Domestic),Services,未発掘の監視候補,良さそう,待ち,高値更新,64.2,100,14,-4.1,18.4,2,監視候補,監視候補,負けにくさ良好,既存候補外で価格検証に残ったため、監視候補として確認します,財務、材料、出来高,なし,高値更新型で勢いがある
124.8,124.8,124.8,4042,TOSOH CORPORATION,Prime Market (Domestic),Chemicals,未発掘の監視候補,良さそう,待ち,上昇中押し目,62.5,100,10.7,0,39,2,監視候補,監視候補,負けにくさ良好,既存候補外で価格検証に残ったため、監視候補として確認します,財務、材料、出来高,なし,価格検証で候補圏に残った
124.7,124.7,124.7,2437,"SHINWA WISE HOLDINGS CO.,LTD.",Standard Market(Domestic),Services,未発掘の監視候補,良さそう,待ち,高値更新,60.8,75,13,-3,97.9,4,様子見,様子見,財務確認前,既存候補外で価格検証に残ったため、監視候補として確認します,財務、材料、出来高,なし,高値更新型で勢いがある
124.6,124.6,124.6,8713,FIDEA Holdings Co.Ltd.,Prime Market (Domestic),Banks,未発掘の監視候補,良さそう,待ち,高値更新,63.8,100,13.5,-3.5,32.2,2,監視候補,監視候補,負けにくさ良好,既存候補外で価格検証に残ったため、監視候補として確認します,財務、材料、出来高,なし,高値更新型で勢いがある
124.5,124.5,124.5,7481,"OIE SANGYO CO.,LTD.",Standard Market(Domestic),Wholesale Trade,未発掘の監視候補,良さそう,待ち,安値反転,63.2,100,12.5,-2.3,27.3,2,監視候補,監視候補,負けにくさ良好,既存候補外で価格検証に残ったため、監視候補として確認します,財務、材料、出来高,なし,安値反転の検証が良い
124.4,124.4,124.4,3299,"MUGEN ESTATE Co.,Ltd.",Standard Market(Domestic),Real Estate,未発掘の監視候補,良さそう,安値反転候補,安値反転,66.6,100,8.8,-1.7,-15,2,様子見,様子見,負けにくさ良好,既存候補外で価格検証に残ったため、監視候補として確認します,財務、材料、出来高,なし,安値反転の検証が良い
124.3,124.3,124.3,6364,AIRMAN CORPORATION,Prime Market (Domestic),Machinery,未発掘の監視候補,良さそう,待ち,安値反転,63.2,100,12.6,-2.5,-3.3,2,監視候補,監視候補,負けにくさ良好,既存候補外で価格検証に残ったため、監視候補として確認します,財務、材料、出来高,なし,安値反転の検証が良い
124.3,124.3,124.3,8158,"SODA NIKKA CO.,LTD.",Prime Market (Domestic),Wholesale Trade,未発掘の監視候補,良さそう,待ち,安値反転,62.7,100,11.7,-1.4,5.1,2,監視候補,監視候補,負けにくさ良好,既存候補外で価格検証に残ったため、監視候補として確認します,財務、材料、出来高,なし,安値反転の検証が良い
124.2,124.2,124.2,9980,MRK HOLDINGS INC.,Standard Market(Domestic),Retail Trade,様子見候補,中立,待ち,高値更新,78.5,100,29.3,0,9.4,1,様子見,様子見,検証回数少なめ,価格検証は良いものの回数が少ないため、まず財務と出来高を確認します,財務、材料、出来高,検証回数少なめ,高値更新型で勢いがある
124,124,124,5575,Globee Inc.,Growth Market(Domestic),Information & Communication,様子見候補,中立,待ち,高値更新,78.4,100,29.2,0,-27.7,1,様子見,様子見,検証回数少なめ,価格検証は良いものの回数が少ないため、まず財務と出来高を確認します,財務、材料、出来高,検証回数少なめ,高値更新型で勢いがある
123.9,123.9,123.9,7112,"CUBE CO.,LTD.",Growth Market(Domestic),Retail Trade,未発掘の監視候補,良さそう,待ち,上昇中押し目,62,100,10.8,-0.4,60.6,2,監視候補,監視候補,負けにくさ良好,既存候補外で価格検証に残ったため、監視候補として確認します,財務、材料、出来高,なし,価格検証で候補圏に残った
123.9,123.9,123.9,6647,"MORIO DENKI CO.,LTD.",Standard Market(Domestic),Electric Appliances,未発掘の監視候補,良さそう,待ち,上昇中押し目,60.5,100,8.2,0,51.7,3,様子見,様子見,負けにくさ良好,既存候補外で価格検証に残ったため、監視候補として確認します,財務、材料、出来高,なし,価格検証で候補圏に残った
123.6,123.6,123.6,9502,"Chubu Electric Power Company,Incorporated",Prime Market (Domestic),Electric Power and Gas,未発掘の監視候補,良さそう,待ち,上昇中押し目,60.6,100,9.4,-4.3,71.7,4,様子見,様子見,負けにくさ良好,既存候補外で価格検証に残ったため、監視候補として確認します,財務、材料、出来高,なし,価格検証で候補圏に残った
123.5,123.5,123.5,6785,"SUZUKI CO.,LTD.",Prime Market (Domestic),Electric Appliances,未発掘の監視候補,良さそう,待ち,上昇中押し目,62.4,100,11.8,-1.8,87.8,2,監視候補,監視候補,負けにくさ良好,既存候補外で価格検証に残ったため、監視候補として確認します,財務、材料、出来高,なし,価格検証で候補圏に残った
123.4,123.4,123.4,2897,"NISSIN FOODS HOLDINGS CO.,LTD.",Prime Market (Domestic),Foods,未発掘の監視候補,良さそう,安値反転候補,安値反転,65.7,100,8,-1.1,-9.4,2,様子見,様子見,負けにくさ良好,既存候補外で価格検証に残ったため、監視候補として確認します,財務、材料、出来高,なし,安値反転の検証が良い
123.3,123.3,123.3,8309,"Sumitomo Mitsui Trust Group,Inc.",Prime Market (Domestic),Banks,未発掘の監視候補,良さそう,待ち,高値更新,61,100,10,-2.4,56.3,3,監視候補,監視候補,負けにくさ良好,既存候補外で価格検証に残ったため、監視候補として確認します,財務、材料、出来高,なし,高値更新型で勢いがある
123.2,123.2,123.2,4528,"ONO PHARMACEUTICAL CO.,LTD.",Prime Market (Domestic),Pharmaceutical,未発掘の監視候補,良さそう,安値反転候補,高値更新,65.9,100,9.3,-5.5,52.2,3,様子見,様子見,負けにくさ良好,既存候補外で価格検証に残ったため、監視候補として確認します,財務、材料、出来高,なし,高値更新型で勢いがある
123.2,123.2,123.2,6390,"KATO WORKS CO.,LTD.",Prime Market (Domestic),Machinery,未発掘の監視候補,良さそう,安値反転候補,安値反転,65.9,100,8.7,-2,-4,2,様子見,様子見,負けにくさ良好,既存候補外で価格検証に残ったため、監視候補として確認します,財務、材料、出来高,なし,安値反転の検証が良い
123.2,123.2,123.2,9722,FUJITA KANKO INC.,Prime Market (Domestic),Services,未発掘の監視候補,良さそう,待ち,上昇中押し目,61.7,100,10.7,-0.6,-12.1,2,監視候補,監視候補,負けにくさ良好,既存候補外で価格検証に残ったため、監視候補として確認します,財務、材料、出来高,なし,価格検証で候補圏に残った
123.1,123.1,123.1,6391,KAJI TECHNOLOGY CORPORATION,Standard Market(Domestic),Machinery,様子見候補,中立,待ち,安値反転,77.9,100,28.9,0,22.9,1,様子見,様子見,検証回数少なめ,価格検証は良いものの回数が少ないため、まず財務と出来高を確認します,財務、材料、出来高,検証回数少なめ,安値反転の検証が良い
123.1,123.1,123.1,4242,TAKAGI SEIKO CORPORATION,Standard Market(Domestic),Chemicals,未発掘の監視候補,良さそう,待ち,高値更新,61.6,100,10.8,-0.7,34.7,2,監視候補,監視候補,負けにくさ良好,既存候補外で価格検証に残ったため、監視候補として確認します,財務、材料、出来高,なし,高値更新型で勢いがある
123.1,123.1,123.1,2341,"ARBEIT-TIMES CO.,LTD.",Standard Market(Domestic),Services,未発掘の監視候補,良さそう,待ち,上昇中押し目,60.6,100,9.3,-1.6,5.3,3,様子見,様子見,負けにくさ良好,既存候補外で価格検証に残ったため、監視候補として確認します,財務、材料、出来高,なし,価格検証で候補圏に残った
123.1,123.1,123.1,3905,Datasection Inc.,Growth Market(Domestic),Information & Communication,未発掘の財務確認候補,良さそう,上昇中押し目,高値更新,49.7,60,8.2,-8.9,104.4,5,財務確認して監視,財務確認して監視,財務確認前,押し目候補ですが、通常候補へ入れる前に財務確認が必要です,BPS、EPS、現金、有利子負債、直近決算,なし,既存候補外で上昇中の押し目に見える
123,123,123,5142,Achilles Corporation,Prime Market (Domestic),Chemicals,未発掘の監視候補,良さそう,待ち,高値更新,63.2,100,13.9,-4.6,0.6,2,監視候補,監視候補,負けにくさ良好,既存候補外で価格検証に残ったため、監視候補として確認します,財務、材料、出来高,なし,高値更新型で勢いがある
122.9,122.9,122.9,1951,"EXEO Group,Inc.",Prime Market (Domestic),Construction,未発掘の監視候補,良さそう,待ち,高値更新,62.6,100,12.8,-3.3,52.8,2,監視候補,監視候補,負けにくさ良好,既存候補外で価格検証に残ったため、監視候補として確認します,財務、材料、出来高,なし,高値更新型で勢いがある
122.7,122.7,122.7,4973,"JAPAN PURE CHEMICAL CO.,LTD.",Prime Market (Domestic),Chemicals,未発掘の監視候補,良さそう,待ち,上昇中押し目,62.8,100,13.4,-4.1,84.2,2,監視候補,監視候補,負けにくさ良好,既存候補外で価格検証に残ったため、監視候補として確認します,財務、材料、出来高,なし,価格検証で候補圏に残った
122.6,122.6,122.6,9767,"NIKKEN KOGAKU CO.,LTD.",Standard Market(Domestic),Services,未発掘の監視候補,良さそう,安値反転候補,安値反転,66.2,100,9.7,-3.5,6.4,2,様子見,様子見,負けにくさ良好,既存候補外で価格検証に残ったため、監視候補として確認します,財務、材料、出来高,なし,安値反転の検証が良い
122.5,122.5,122.5,142A,"JINJIB Co.,Ltd.",Growth Market(Domestic),Services,様子見候補,中立,待ち,高値更新,77.9,100,29.6,-1.1,23,1,様子見,様子見,検証回数少なめ,価格検証は良いものの回数が少ないため、まず財務と出来高を確認します,財務、材料、出来高,検証回数少なめ,高値更新型で勢いがある
122.4,122.4,122.4,6566,"KANAME KOGYO CO.,LTD.",Standard Market(Domestic),Services,様子見候補,中立,待ち,高値更新,77.4,100,28.7,0,9.6,1,様子見,様子見,検証回数少なめ,価格検証は良いものの回数が少ないため、まず財務と出来高を確認します,財務、材料、出来高,検証回数少なめ,高値更新型で勢いがある
122,122,122,5304,"SEC CARBON,LIMITED",Standard Market(Domestic),Glass and Ceramics Products,未発掘の監視候補,良さそう,待ち,高値更新,61.6,100,11.7,-2.3,22.3,2,監視候補,監視候補,負けにくさ良好,既存候補外で価格検証に残ったため、監視候補として確認します,財務、材料、出来高,なし,高値更新型で勢いがある
121.9,121.9,121.9,168A,itamiarts inc.,Growth Market(Domestic),Other Products,未発掘の監視候補,良さそう,待ち,上昇中押し目,60.8,100,10.2,-0.5,5.4,2,監視候補,監視候補,負けにくさ良好,既存候補外で価格検証に残ったため、監視候補として確認します,財務、材料、出来高,なし,価格検証で候補圏に残った
121.6,121.6,121.6,4972,"Soken Chemical & Engineering Co.,Ltd.",Standard Market(Domestic),Chemicals,未発掘の監視候補,良さそう,待ち,高値更新,59.9,100,9.9,-5.7,120,4,様子見,様子見,負けにくさ良好,既存候補外で価格検証に残ったため、監視候補として確認します,財務、材料、出来高,なし,高値更新型で勢いがある
121.3,121.3,121.3,7090,Ligua Inc.,Growth Market(Domestic),Services,未発掘の監視候補,良さそう,待ち,安値反転,62.1,100,13.2,-4.4,-18.6,2,監視候補,監視候補,負けにくさ良好,既存候補外で価格検証に残ったため、監視候補として確認します,財務、材料、出来高,なし,安値反転の検証が良い
121.2,121.2,121.2,2004,"Showa Sangyo Co.,Ltd.",Prime Market (Domestic),Foods,未発掘の監視候補,良さそう,待ち,安値反転,60.5,100,10.2,-0.8,15.8,2,監視候補,監視候補,負けにくさ良好,既存候補外で価格検証に残ったため、監視候補として確認します,財務、材料、出来高,なし,安値反転の検証が良い
121.1,121.1,121.1,7609,"Daitron Co.,Ltd.",Prime Market (Domestic),Wholesale Trade,未発掘の監視候補,良さそう,待ち,上昇中押し目,60.6,100,11.2,-4.7,101.6,3,監視候補,監視候補,負けにくさ良好,既存候補外で価格検証に残ったため、監視候補として確認します,財務、材料、出来高,なし,価格検証で候補圏に残った
121,121,121,8151,TOYO Corporation,Prime Market (Domestic),Wholesale Trade,未発掘の財務確認候補,中立,上昇中押し目,安値反転,74.3,100,24.9,-2.9,38.1,1,財務確認して監視,財務確認して監視,検証回数少なめ,押し目候補ですが、通常候補へ入れる前に財務確認が必要です,BPS、EPS、現金、有利子負債、直近決算,検証回数少なめ,既存候補外で上昇中の押し目に見える
121,121,121,9903,"KANSEKI CO.,LTD",Standard Market(Domestic),Retail Trade,未発掘の監視候補,良さそう,待ち,安値反転,60.5,100,10.5,-1.2,8.6,2,監視候補,監視候補,負けにくさ良好,既存候補外で価格検証に残ったため、監視候補として確認します,財務、材料、出来高,なし,安値反転の検証が良い
121,121,121,5888,"DAIWA CYCLE CO.,LTD.",Growth Market(Domestic),Retail Trade,未発掘の監視候補,良さそう,待ち,安値反転,60.3,100,10,-0.6,-33.2,2,監視候補,監視候補,負けにくさ良好,既存候補外で価格検証に残ったため、監視候補として確認します,財務、材料、出来高,なし,安値反転の検証が良い
120.8,120.8,120.8,9733,Nagase Brothers Inc.,Standard Market(Domestic),Services,未発掘の監視候補,良さそう,待ち,高値更新,59.7,100,9.5,-2.8,19,3,様子見,様子見,負けにくさ良好,既存候補外で価格検証に残ったため、監視候補として確認します,財務、材料、出来高,なし,高値更新型で勢いがある
120.7,120.7,120.7,5208,"Arisawa Mfg.Co.,Ltd.",Prime Market (Domestic),Chemicals,未発掘の監視候補,良さそう,待ち,上昇中押し目,61,100,11.6,-2.7,90.1,2,監視候補,監視候補,負けにくさ良好,既存候補外で価格検証に残ったため、監視候補として確認します,財務、材料、出来高,なし,価格検証で候補圏に残った
120.6,120.6,120.6,2120,"LIFULL Co.,Ltd.",Prime Market (Domestic),Services,様子見候補,中立,待ち,安値反転,76.3,100,28.1,0,5.6,1,様子見,様子見,検証回数少なめ,価格検証は良いものの回数が少ないため、まず財務と出来高を確認します,財務、材料、出来高,検証回数少なめ,安値反転の検証が良い
120.6,120.6,120.6,3976,SHANON Inc.,Growth Market(Domestic),Information & Communication,未発掘の監視候補,良さそう,待ち,安値反転,60.9,100,11.6,-2.7,44.3,2,監視候補,監視候補,負けにくさ良好,既存候補外で価格検証に残ったため、監視候補として確認します,財務、材料、出来高,なし,安値反転の検証が良い
120.6,120.6,120.6,7345,Ai Partners Financial Inc.,Growth Market(Domestic),Other Financing Business,未発掘の監視候補,良さそう,待ち,高値更新,58.2,75,11.9,-3.2,67.1,4,様子見,様子見,財務確認前,既存候補外で価格検証に残ったため、監視候補として確認します,財務、材料、出来高,なし,高値更新型で勢いがある
120.2,120.2,120.2,8364,"THE SHIMIZU BANK,LTD.",Prime Market (Domestic),Banks,未発掘の監視候補,良さそう,待ち,高値更新,61.9,100,13.9,-5.7,75.3,2,監視候補,監視候補,負けにくさ良好,既存候補外で価格検証に残ったため、監視候補として確認します,財務、材料、出来高,なし,高値更新型で勢いがある
120.2,120.2,120.2,7266,"Imasen Electric Industrial Co.,Ltd.",Standard Market(Domestic),Transportation Equipment,未発掘の監視候補,良さそう,待ち,高値更新,61,100,12.1,-3.5,29.5,2,監視候補,監視候補,負けにくさ良好,既存候補外で価格検証に残ったため、監視候補として確認します,財務、材料、出来高,なし,高値更新型で勢いがある
120.2,120.2,120.2,1938,"NIPPON RIETEC CO.,LTD.",Prime Market (Domestic),Construction,未発掘の監視候補,良さそう,待ち,高値更新,60.7,100,12.2,-6.3,62.2,3,監視候補,監視候補,負けにくさ良好,既存候補外で価格検証に残ったため、監視候補として確認します,財務、材料、出来高,なし,高値更新型で勢いがある
120.1,120.1,120.1,8804,"Tokyo Tatemono Co.,Ltd.",Prime Market (Domestic),Real Estate,未発掘の監視候補,良さそう,待ち,高値更新,61.7,100,13.4,-5.2,26.5,2,監視候補,監視候補,負けにくさ良好,既存候補外で価格検証に残ったため、監視候補として確認します,財務、材料、出来高,なし,高値更新型で勢いがある
120.1,120.1,120.1,7713,"SIGMA KOKI CO.,LTD.",Standard Market(Domestic),Precision Instruments,未発掘の監視候補,良さそう,待ち,上昇中押し目,58.3,80,10.3,-4.5,75.2,5,監視候補,監視候補,負けにくさ良好,既存候補外で価格検証に残ったため、監視候補として確認します,財務、材料、出来高,なし,価格検証で候補圏に残った
120,120,120,7989,TACHIKAWA CORPORATION,Prime Market (Domestic),Metal Products,様子見候補,中立,待ち,安値反転,75.9,100,27.9,0,53.5,1,様子見,様子見,検証回数少なめ,価格検証は良いものの回数が少ないため、まず財務と出来高を確認します,財務、材料、出来高,検証回数少なめ,安値反転の検証が良い
120,120,120,9364,"Kamigumi Co.,Ltd.",Prime Market (Domestic),Warehousing and Harbor Transportation Service,未発掘の監視候補,良さそう,安値反転候補,高値更新,64.3,100,8.4,-2.9,17.6,2,様子見,様子見,負けにくさ良好,既存候補外で価格検証に残ったため、監視候補として確認します,財務、材料、出来高,なし,高値更新型で勢いがある
119.9,119.9,119.9,6928,"ENOMOTO Co.,Ltd.",Standard Market(Domestic),Electric Appliances,未発掘の監視候補,良さそう,待ち,高値更新,58.1,80,10.3,-4.5,147.3,5,監視候補,監視候補,負けにくさ良好,既存候補外で価格検証に残ったため、監視候補として確認します,財務、材料、出来高,なし,高値更新型で勢いがある
119.7,119.7,119.7,4247,"POVAL KOGYO CO.,LTD.",Standard Market(Domestic),Chemicals,未発掘の監視候補,良さそう,安値反転候補,高値更新,64.5,100,9,-3.8,8.9,2,様子見,様子見,負けにくさ良好,既存候補外で価格検証に残ったため、監視候補として確認します,財務、材料、出来高,なし,高値更新型で勢いがある
119.6,119.6,119.6,2666,"AUTOWAVE Co.,Ltd.",Standard Market(Domestic),Retail Trade,未発掘の監視候補,良さそう,待ち,安値反転,60.7,100,12.1,-3.7,17.8,2,監視候補,監視候補,負けにくさ良好,既存候補外で価格検証に残ったため、監視候補として確認します,財務、材料、出来高,なし,安値反転の検証が良い
119.6,119.6,119.6,5983,IWABUCHI CORPORATION,Standard Market(Domestic),Metal Products,未発掘の監視候補,良さそう,待ち,上昇中押し目,58.9,100,9.1,-2.8,113.4,3,様子見,様子見,負けにくさ良好,既存候補外で価格検証に残ったため、監視候補として確認します,財務、材料、出来高,なし,価格検証で候補圏に残った
119.5,119.5,119.5,9543,"SHIZUOKA GAS CO.,LTD.",Prime Market (Domestic),Electric Power and Gas,未発掘の監視候補,良さそう,待ち,高値更新,60.9,100,12.6,-4.4,13.4,2,監視候補,監視候補,負けにくさ良好,既存候補外で価格検証に残ったため、監視候補として確認します,財務、材料、出来高,なし,高値更新型で勢いがある
119.5,119.5,119.5,1723,"NIHON DENGI CO.,LTD.",Standard Market(Domestic),Construction,未発掘の監視候補,良さそう,待ち,高値更新,58.9,83.3,10.5,-6,118.9,6,監視候補,監視候補,負けにくさ良好,既存候補外で価格検証に残ったため、監視候補として確認します,財務、材料、出来高,なし,高値更新型で勢いがある
119.2,119.2,119.2,138A,"Hikari Food Service Co.,Ltd.",Growth Market(Domestic),Retail Trade,未発掘の監視候補,良さそう,待ち,上昇中押し目,59.6,100,10.3,-1.7,63,2,監視候補,監視候補,負けにくさ良好,既存候補外で価格検証に残ったため、監視候補として確認します,財務、材料、出来高,なし,価格検証で候補圏に残った
119.1,119.1,119.1,2751,"TENPOS HOLDINGS Co.,Ltd.",Standard Market(Domestic),Wholesale Trade,未発掘の監視候補,良さそう,安値反転候補,安値反転,64,100,8.7,-3.6,6.6,2,様子見,様子見,負けにくさ良好,既存候補外で価格検証に残ったため、監視候補として確認します,財務、材料、出来高,なし,安値反転の検証が良い
119.1,119.1,119.1,3560,"Hobonichi Co.,Ltd.",Standard Market(Domestic),Retail Trade,未発掘の監視候補,良さそう,待ち,上昇中押し目,59.6,100,11,-5.3,37,3,監視候補,監視候補,負けにくさ良好,既存候補外で価格検証に残ったため、監視候補として確認します,財務、材料、出来高,なし,価格検証で候補圏に残った
119.1,119.1,119.1,1966,TAKADA CORPORATION,Standard Market(Domestic),Construction,未発掘の監視候補,良さそう,待ち,高値更新,58.9,100,9,-0.1,9.6,2,様子見,様子見,負けにくさ良好,既存候補外で価格検証に残ったため、監視候補として確認します,財務、材料、出来高,なし,高値更新型で勢いがある
119,119,119,7971,TOLI Corporation,Standard Market(Domestic),Chemicals,未発掘の監視候補,良さそう,待ち,高値更新,59.6,100,10.4,-1.9,36.7,2,監視候補,監視候補,負けにくさ良好,既存候補外で価格検証に残ったため、監視候補として確認します,財務、材料、出来高,なし,高値更新型で勢いがある
119,119,119,7084,Smile Holdings Inc.,Growth Market(Domestic),Services,未発掘の監視候補,良さそう,待ち,高値更新,58.8,100,8.9,0,63.6,2,様子見,様子見,負けにくさ良好,既存候補外で価格検証に残ったため、監視候補として確認します,財務、材料、出来高,なし,高値更新型で勢いがある
118.8,118.8,118.8,2208,BOURBON CORPORATION,Standard Market(Domestic),Foods,未発掘の監視候補,良さそう,待ち,高値更新,59.2,100,9.9,-1.3,10.4,2,様子見,様子見,負けにくさ良好,既存候補外で価格検証に残ったため、監視候補として確認します,財務、材料、出来高,なし,高値更新型で勢いがある
118.6,118.6,118.6,2907,"AHJIKAN CO.,LTD.",Standard Market(Domestic),Foods,未発掘の監視候補,良さそう,待ち,安値反転,59.9,100,11.4,-3.3,14.9,2,監視候補,監視候補,負けにくさ良好,既存候補外で価格検証に残ったため、監視候補として確認します,財務、材料、出来高,なし,安値反転の検証が良い
118.6,118.6,118.6,7203,TOYOTA MOTOR CORPORATION,Prime Market (Domestic),Transportation Equipment,未発掘の監視候補,良さそう,待ち,上昇中押し目,59.5,100,10.6,-2.3,2.5,2,監視候補,監視候補,負けにくさ良好,既存候補外で価格検証に残ったため、監視候補として確認します,財務、材料、出来高,なし,価格検証で候補圏に残った
118.6,118.6,118.6,6440,JUKI CORPORATION,Prime Market (Domestic),Machinery,未発掘の監視候補,良さそう,待ち,上昇中押し目,59.4,100,10.5,-2.1,54.8,2,監視候補,監視候補,負けにくさ良好,既存候補外で価格検証に残ったため、監視候補として確認します,財務、材料、出来高,なし,価格検証で候補圏に残った
118.6,118.6,118.6,7819,SHOBIDO Corporation,Standard Market(Domestic),Other Products,未発掘の監視候補,良さそう,待ち,安値反転,58.9,100,9.4,-0.8,34.8,2,様子見,様子見,負けにくさ良好,既存候補外で価格検証に残ったため、監視候補として確認します,財務、材料、出来高,なし,安値反転の検証が良い
118.1,118.1,118.1,6254,"Nomura Micro Science Co.,Ltd.",Prime Market (Domestic),Machinery,未発掘の監視候補,良さそう,待ち,上昇中押し目,60.2,100,12.4,-4.7,106.2,2,監視候補,監視候補,負けにくさ良好,既存候補外で価格検証に残ったため、監視候補として確認します,財務、材料、出来高,なし,価格検証で候補圏に残った
118,118,118,6706,"DKK Co.,Ltd.",Prime Market (Domestic),Electric Appliances,未発掘の監視候補,良さそう,待ち,上昇中押し目,59.4,100,10.9,-2.9,53.2,2,監視候補,監視候補,負けにくさ良好,既存候補外で価格検証に残ったため、監視候補として確認します,財務、材料、出来高,なし,価格検証で候補圏に残った
117.8,117.8,117.8,5713,"Sumitomo Metal Mining Co.,Ltd.",Prime Market (Domestic),Nonferrous Metals,未発掘の監視候補,良さそう,待ち,高値更新,57.3,80,10.6,-5.7,145.9,5,監視候補,監視候補,負けにくさ良好,既存候補外で価格検証に残ったため、監視候補として確認します,財務、材料、出来高,なし,高値更新型で勢いがある
117.6,117.6,117.6,4507,"Shionogi & Co.,Ltd.",Prime Market (Domestic),Pharmaceutical,未発掘の監視候補,良さそう,待ち,高値更新,60.1,100,12.7,-5.3,13.4,2,監視候補,監視候補,負けにくさ良好,既存候補外で価格検証に残ったため、監視候補として確認します,財務、材料、出来高,なし,高値更新型で勢いがある
117.6,117.6,117.6,5237,NOZAWA CORPORATION,Standard Market(Domestic),Glass and Ceramics Products,未発掘の監視候補,良さそう,待ち,安値反転,58.5,100,9.7,-1.5,33.3,2,様子見,様子見,負けにくさ良好,既存候補外で価格検証に残ったため、監視候補として確認します,財務、材料、出来高,なし,安値反転の検証が良い
117.5,117.5,117.5,6743,"Daido Signal Co.,Ltd.",Standard Market(Domestic),Electric Appliances,未発掘の監視候補,良さそう,待ち,高値更新,60.7,100,13.9,-6.8,61.7,2,監視候補,監視候補,負けにくさ良好,既存候補外で価格検証に残ったため、監視候補として確認します,財務、材料、出来高,なし,高値更新型で勢いがある
117.2,117.2,117.2,8065,SATO SHO-JI CORPORATION,Prime Market (Domestic),Wholesale Trade,未発掘の監視候補,良さそう,待ち,上昇中押し目,60.1,100,13,-5.8,104,2,監視候補,監視候補,負けにくさ良好,既存候補外で価格検証に残ったため、監視候補として確認します,財務、材料、出来高,なし,価格検証で候補圏に残った
117,117,117,6670,"MCJ Co.,Ltd.",Standard Market(Domestic),Electric Appliances,未発掘の監視候補,良さそう,待ち,上昇中押し目,58.9,100,10.9,-3.3,62.3,2,監視候補,監視候補,負けにくさ良好,既存候補外で価格検証に残ったため、監視候補として確認します,財務、材料、出来高,なし,価格検証で候補圏に残った
117,117,117,157A,Green Monster Inc.,Growth Market(Domestic),Services,未発掘の監視候補,良さそう,待ち,高値更新,57.8,80,12.2,-8,72.9,5,監視候補,監視候補,財務確認前,既存候補外で価格検証に残ったため、監視候補として確認します,財務、材料、出来高,なし,高値更新型で勢いがある
116.7,116.7,116.7,4031,Katakura & Co-op Agri Corporation,Standard Market(Domestic),Chemicals,様子見候補,中立,待ち,安値反転,73.8,100,26.9,0,3.9,1,様子見,様子見,検証回数少なめ,価格検証は良いものの回数が少ないため、まず財務と出来高を確認します,財務、材料、出来高,検証回数少なめ,安値反転の検証が良い
116.7,116.7,116.7,9768,"IDEA Consultants,Inc.",Standard Market(Domestic),Services,様子見候補,中立,待ち,上昇中押し目,73.8,100,26.9,0,21.2,1,様子見,様子見,検証回数少なめ,価格検証は良いものの回数が少ないため、まず財務と出来高を確認します,財務、材料、出来高,検証回数少なめ,価格検証で候補圏に残った
116.6,116.6,116.6,6955,FDK CORPORATION,Standard Market(Domestic),Electric Appliances,未発掘の財務確認候補,中立,上昇中押し目,安値反転,70.3,100,21.1,0,44.9,1,財務確認して監視,財務確認して監視,検証回数少なめ,押し目候補ですが、通常候補へ入れる前に財務確認が必要です,BPS、EPS、現金、有利子負債、直近決算,検証回数少なめ,既存候補外で上昇中の押し目に見える
116.6,116.6,116.6,3423,S E Corporation,Standard Market(Domestic),Metal Products,未発掘の監視候補,良さそう,待ち,上昇中押し目,58.7,100,10.9,-3.4,-0.4,2,監視候補,監視候補,負けにくさ良好,既存候補外で価格検証に残ったため、監視候補として確認します,財務、材料、出来高,なし,価格検証で候補圏に残った
116.6,116.6,116.6,3116,TOYOTA BOSHOKU CORPORATION,Prime Market (Domestic),Transportation Equipment,未発掘の監視候補,良さそう,待ち,上昇中押し目,58,100,9.5,-1.7,9.5,2,様子見,様子見,負けにくさ良好,既存候補外で価格検証に残ったため、監視候補として確認します,財務、材料、出来高,なし,価格検証で候補圏に残った
116.5,116.5,116.5,8938,"GLOME Holdings,Inc.",Growth Market(Domestic),Real Estate,未発掘の監視候補,良さそう,待ち,安値反転,57.2,100,8.1,0,-57.1,2,様子見,様子見,負けにくさ良好,既存候補外で価格検証に残ったため、監視候補として確認します,財務、材料、出来高,なし,安値反転の検証が良い
116.2,116.2,116.2,7868,"KOSAIDO Holdings Co.,Ltd.",Prime Market (Domestic),Other Products,未発掘の監視候補,良さそう,待ち,上昇中押し目,58.1,100,10.2,-2.7,16.4,2,監視候補,監視候補,負けにくさ良好,既存候補外で価格検証に残ったため、監視候補として確認します,財務、材料、出来高,なし,価格検証で候補圏に残った
116.1,116.1,116.1,9270,Valuence Holdings Inc.,Growth Market(Domestic),Wholesale Trade,未発掘の監視候補,良さそう,待ち,上昇中押し目,59.3,100,12.6,-5.7,153.6,2,監視候補,監視候補,負けにくさ良好,既存候補外で価格検証に残ったため、監視候補として確認します,財務、材料、出来高,なし,価格検証で候補圏に残った
116,116,116,3221,"Yossix Holdings Co.,Ltd.",Prime Market (Domestic),Retail Trade,未発掘の監視候補,良さそう,待ち,高値更新,58.7,100,11.4,-4.3,24.2,2,監視候補,監視候補,負けにくさ良好,既存候補外で価格検証に残ったため、監視候補として確認します,財務、材料、出来高,なし,高値更新型で勢いがある
116,116,116,7294,YOROZU CORPORATION,Prime Market (Domestic),Transportation Equipment,未発掘の監視候補,良さそう,待ち,上昇中押し目,58.5,100,11,-3.8,-4.3,2,監視候補,監視候補,負けにくさ良好,既存候補外で価格検証に残ったため、監視候補として確認します,財務、材料、出来高,なし,価格検証で候補圏に残った
115.9,115.9,115.9,6762,TDK Corporation,Prime Market (Domestic),Electric Appliances,未発掘の監視候補,良さそう,待ち,高値更新,55.7,75,11.2,-4.2,156.6,4,様子見,様子見,財務確認前,既存候補外で価格検証に残ったため、監視候補として確認します,財務、材料、出来高,なし,高値更新型で勢いがある
115.8,115.8,115.8,4960,"CHEMIPRO KASEI KAISHA,LTD.",Standard Market(Domestic),Chemicals,様子見候補,中立,待ち,高値更新,64.6,80,19.3,-14.1,110.2,5,様子見,様子見,財務確認前,既存候補外で価格検証に残ったため、監視候補として確認します,財務、材料、出来高,なし,高値更新型で勢いがある
115.7,115.7,115.7,7875,"TAKEDA iP HOLDINGS CO.,LTD.",Standard Market(Domestic),Other Products,押し目待ちで監視,良さそう,高値圏,上昇中押し目,70.8,100,13.6,-2,134.3,5,高値なので待つ,高値なので待つ,飛びつき注意,価格検証は強いですが、高値圏または急騰後です。押し目が出るまで待ちます,押し目、出来高継続、材料,高値圏,価格検証で候補圏に残った
115.6,115.6,115.6,8005,Scroll Corporation,Prime Market (Domestic),Retail Trade,未発掘の監視候補,良さそう,待ち,高値更新,56.8,100,8.2,-0.5,56.6,2,様子見,様子見,負けにくさ良好,既存候補外で価格検証に残ったため、監視候補として確認します,財務、材料、出来高,なし,高値更新型で勢いがある
115.5,115.5,115.5,8344,"The Yamagata Bank,Ltd.",Prime Market (Domestic),Banks,未発掘の監視候補,良さそう,待ち,上昇中押し目,58.5,100,11.4,-4.5,119.6,2,監視候補,監視候補,負けにくさ良好,既存候補外で価格検証に残ったため、監視候補として確認します,財務、材料、出来高,なし,価格検証で候補圏に残った
115.4,115.4,115.4,6659,"MEDIA LINKS CO.,LTD.",Standard Market(Domestic),Electric Appliances,未発掘の財務確認候補,中立,上昇中押し目,上昇中押し目,69.5,100,20.8,0,39.1,1,財務確認して監視,財務確認して監視,検証回数少なめ,押し目候補ですが、通常候補へ入れる前に財務確認が必要です,BPS、EPS、現金、有利子負債、直近決算,検証回数少なめ,既存候補外で上昇中の押し目に見える
115.3,115.3,115.3,8544,"The Keiyo Bank,Ltd.",Prime Market (Domestic),Banks,未発掘の監視候補,良さそう,待ち,上昇中押し目,58.6,100,11.8,-5.1,154.2,2,監視候補,監視候補,負けにくさ良好,既存候補外で価格検証に残ったため、監視候補として確認します,財務、材料、出来高,なし,価格検証で候補圏に残った
115.3,115.3,115.3,4367,"KOEI CHEMICAL COMPANY,LIMITED",Standard Market(Domestic),Chemicals,未発掘の監視候補,良さそう,待ち,安値反転,58.4,100,11.6,-4.8,11.2,2,監視候補,監視候補,負けにくさ良好,既存候補外で価格検証に残ったため、監視候補として確認します,財務、材料、出来高,なし,安値反転の検証が良い
115.3,115.3,115.3,8255,Axial Retailing Inc.,Prime Market (Domestic),Retail Trade,未発掘の監視候補,良さそう,待ち,安値反転,57.3,100,9.5,-2.2,-2.7,2,様子見,様子見,負けにくさ良好,既存候補外で価格検証に残ったため、監視候補として確認します,財務、材料、出来高,なし,安値反転の検証が良い
115.2,115.2,115.2,9001,"TOBU RAILWAY CO.,LTD.",Prime Market (Domestic),Land Transportation,未発掘の監視候補,良さそう,待ち,安値反転,56.8,100,8.5,-1,15.8,2,様子見,様子見,負けにくさ良好,既存候補外で価格検証に残ったため、監視候補として確認します,財務、材料、出来高,なし,安値反転の検証が良い
114.8,114.8,114.8,1867,UEKI CORPORATION,Standard Market(Domestic),Construction,未発掘の監視候補,良さそう,待ち,高値更新,57.3,100,10,-3,17.3,2,監視候補,監視候補,負けにくさ良好,既存候補外で価格検証に残ったため、監視候補として確認します,財務、材料、出来高,なし,高値更新型で勢いがある
114.8,114.8,114.8,3393,"Startia Holdings,Inc.",Prime Market (Domestic),Wholesale Trade,未発掘の監視候補,良さそう,待ち,安値反転,57.3,100,10,-3,6.3,2,監視候補,監視候補,負けにくさ良好,既存候補外で価格検証に残ったため、監視候補として確認します,財務、材料、出来高,なし,安値反転の検証が良い
114.7,114.7,114.7,6858,"ONO SOKKI Co.,Ltd.",Standard Market(Domestic),Electric Appliances,様子見候補,中立,待ち,安値反転,73.5,100,28.1,-2.3,56,1,様子見,様子見,検証回数少なめ,価格検証は良いものの回数が少ないため、まず財務と出来高を確認します,財務、材料、出来高,検証回数少なめ,安値反転の検証が良い
114.7,114.7,114.7,9087,TAKASE CORPORATION,Standard Market(Domestic),Land Transportation,未発掘の監視候補,良さそう,待ち,上昇中押し目,57.4,100,10.2,-3.3,71.3,2,監視候補,監視候補,負けにくさ良好,既存候補外で価格検証に残ったため、監視候補として確認します,財務、材料、出来高,なし,価格検証で候補圏に残った
114.7,114.7,114.7,3930,"Hatena Co.,Ltd.",Growth Market(Domestic),Information & Communication,未発掘の監視候補,良さそう,待ち,安値反転,56.9,100,9.1,-2,-42.7,2,様子見,様子見,負けにくさ良好,既存候補外で価格検証に残ったため、監視候補として確認します,財務、材料、出来高,なし,安値反転の検証が良い
114.7,114.7,114.7,6942,"SOPHIA HOLDINGS CO.,LTD.",Standard Market(Domestic),Information & Communication,未発掘の監視候補,良さそう,待ち,安値反転,56.6,100,8.8,-1.5,23.7,2,様子見,様子見,負けにくさ良好,既存候補外で価格検証に残ったため、監視候補として確認します,財務、材料、出来高,なし,安値反転の検証が良い
114.6,114.6,114.6,6338,Takatori Corporation,Standard Market(Domestic),Machinery,未発掘の財務確認候補,中立,上昇中押し目,安値反転,69,100,20.5,0,17.3,1,財務確認して監視,財務確認して監視,検証回数少なめ,押し目候補ですが、通常候補へ入れる前に財務確認が必要です,BPS、EPS、現金、有利子負債、直近決算,検証回数少なめ,既存候補外で上昇中の押し目に見える
114.6,114.6,114.6,1982,"Hibiya Engineering,Ltd.",Prime Market (Domestic),Construction,未発掘の財務確認候補,良さそう,上昇中押し目,上昇中押し目,59.2,80,7.1,-5,74,5,財務確認して監視,財務確認して監視,負けにくさ良好,押し目候補ですが、通常候補へ入れる前に財務確認が必要です,BPS、EPS、現金、有利子負債、直近決算,なし,既存候補外で上昇中の押し目に見える
114.4,114.4,114.4,5844,"Kyoto Financial Group,Inc.",Prime Market (Domestic),Banks,未発掘の監視候補,良さそう,待ち,上昇中押し目,58.3,100,12,-5.7,89.7,2,監視候補,監視候補,負けにくさ良好,既存候補外で価格検証に残ったため、監視候補として確認します,財務、材料、出来高,なし,価格検証で候補圏に残った
114.4,114.4,114.4,9702,ISB CORPORATION,Prime Market (Domestic),Information & Communication,未発掘の監視候補,良さそう,待ち,高値更新,56.3,100,8.3,-1.1,63.6,2,様子見,様子見,負けにくさ良好,既存候補外で価格検証に残ったため、監視候補として確認します,財務、材料、出来高,なし,高値更新型で勢いがある
114.4,114.4,114.4,4462,"ISHIHARA CHEMICAL CO.,LTD.",Prime Market (Domestic),Chemicals,未発掘の監視候補,良さそう,待ち,高値更新,54.7,80,8.7,-4.7,80,5,様子見,様子見,負けにくさ良好,既存候補外で価格検証に残ったため、監視候補として確認します,財務、材料、出来高,なし,高値更新型で勢いがある
114.2,114.2,114.2,7466,SPK CORPORATION,Prime Market (Domestic),Wholesale Trade,未発掘の監視候補,良さそう,待ち,安値反転,57.2,100,10.2,-3.5,16.8,2,監視候補,監視候補,負けにくさ良好,既存候補外で価格検証に残ったため、監視候補として確認します,財務、材料、出来高,なし,安値反転の検証が良い
114.2,114.2,114.2,7035,"and factory,inc",Standard Market(Domestic),Services,未発掘の監視候補,良さそう,待ち,安値反転,57,100,9.7,-2.9,-5.6,2,様子見,様子見,負けにくさ良好,既存候補外で価格検証に残ったため、監視候補として確認します,財務、材料、出来高,なし,安値反転の検証が良い
114.2,114.2,114.2,5821,HIRAKAWA HEWTECH CORP.,Prime Market (Domestic),Nonferrous Metals,未発掘の監視候補,良さそう,待ち,高値更新,54.4,75,10.4,-3.8,147.3,4,様子見,様子見,財務確認前,既存候補外で価格検証に残ったため、監視候補として確認します,財務、材料、出来高,なし,高値更新型で勢いがある
114.1,114.1,114.1,3011,"BANNERS CO.,LTD.",Standard Market(Domestic),Retail Trade,様子見候補,中立,待ち,高値更新,72.4,100,26.5,-0.6,6.4,1,様子見,様子見,検証回数少なめ,価格検証は良いものの回数が少ないため、まず財務と出来高を確認します,財務、材料、出来高,検証回数少なめ,高値更新型で勢いがある
114,114,114,5201,AGC Inc.,Prime Market (Domestic),Glass and Ceramics Products,未発掘の財務確認候補,良さそう,上昇中押し目,高値更新,58.2,75,7.8,-3.1,69.3,4,財務確認して監視,財務確認して監視,財務確認前,押し目候補ですが、通常候補へ入れる前に財務確認が必要です,BPS、EPS、現金、有利子負債、直近決算,なし,既存候補外で上昇中の押し目に見える
114,114,114,1833,OKUMURA CORPORATION,Prime Market (Domestic),Construction,未発掘の監視候補,良さそう,待ち,高値更新,55.9,100,8.5,-4.2,32.9,3,様子見,様子見,負けにくさ良好,既存候補外で価格検証に残ったため、監視候補として確認します,財務、材料、出来高,なし,高値更新型で勢いがある
114,114,114,5741,UACJ Corporation,Prime Market (Domestic),Nonferrous Metals,未発掘の監視候補,良さそう,待ち,高値更新,55.5,80,10.5,-7.1,112.1,5,監視候補,監視候補,負けにくさ良好,既存候補外で価格検証に残ったため、監視候補として確認します,財務、材料、出来高,なし,高値更新型で勢いがある
113.8,113.8,113.8,4437,"gooddays holdings,Inc.",Growth Market(Domestic),Information & Communication,様子見候補,中立,待ち,安値反転,72.3,100,26.6,-0.8,16.8,1,様子見,様子見,検証回数少なめ,価格検証は良いものの回数が少ないため、まず財務と出来高を確認します,財務、材料、出来高,検証回数少なめ,安値反転の検証が良い
113.8,113.8,113.8,6029,Artra Group Corporation,Standard Market(Domestic),Services,未発掘の財務確認候補,中立,上昇中押し目,安値反転,68.8,100,20.8,-0.7,29.1,1,財務確認して監視,財務確認して監視,検証回数少なめ,押し目候補ですが、通常候補へ入れる前に財務確認が必要です,BPS、EPS、現金、有利子負債、直近決算,検証回数少なめ,既存候補外で上昇中の押し目に見える
113.6,113.6,113.6,7322,"San ju San Financial Group,Inc.",Prime Market (Domestic),Banks,未発掘の監視候補,良さそう,待ち,上昇中押し目,53.4,75,9,-2.3,139.3,4,様子見,様子見,財務確認前,既存候補外で価格検証に残ったため、監視候補として確認します,財務、材料、出来高,なし,価格検証で候補圏に残った
113.5,113.5,113.5,8617,"The Kosei Securities Co.,Ltd.",Standard Market(Domestic),Securities and Commodities Futures,未発掘の財務確認候補,中立,上昇中押し目,安値反転,68.3,100,20.2,0,31.5,1,財務確認して監視,財務確認して監視,検証回数少なめ,押し目候補ですが、通常候補へ入れる前に財務確認が必要です,BPS、EPS、現金、有利子負債、直近決算,検証回数少なめ,既存候補外で上昇中の押し目に見える
113.5,113.5,113.5,3561,"CHIKARANOMOTO HOLDINGS Co.,Ltd.",Prime Market (Domestic),Retail Trade,未発掘の監視候補,良さそう,待ち,安値反転,55.9,100,8.4,-1.5,12.2,2,様子見,様子見,負けにくさ良好,既存候補外で価格検証に残ったため、監視候補として確認します,財務、材料、出来高,なし,安値反転の検証が良い
113.5,113.5,113.5,5711,Mitsubishi Materials Corporation,Prime Market (Domestic),Nonferrous Metals,未発掘の監視候補,良さそう,待ち,高値更新,55,80,10,-6.7,108,5,監視候補,監視候補,負けにくさ良好,既存候補外で価格検証に残ったため、監視候補として確認します,財務、材料、出来高,なし,高値更新型で勢いがある
113.4,113.4,113.4,4491,"Computer Management Co.,Ltd.",Standard Market(Domestic),Information & Communication,未発掘の監視候補,良さそう,待ち,安値反転,56.2,100,9,-2.3,17.8,2,様子見,様子見,負けにくさ良好,既存候補外で価格検証に残ったため、監視候補として確認します,財務、材料、出来高,なし,安値反転の検証が良い
113.2,113.2,113.2,9130,"KYOEI TANKER CO.,LTD.",Standard Market(Domestic),Marine Transportation,未発掘の監視候補,良さそう,待ち,高値更新,55.2,75,12.9,-7.3,43,4,様子見,様子見,財務確認前,既存候補外で価格検証に残ったため、監視候補として確認します,財務、材料、出来高,なし,高値更新型で勢いがある
113,113,113,6369,TOYO KANETSU K.K.,Prime Market (Domestic),Machinery,未発掘の監視候補,良さそう,待ち,高値更新,57.2,100,11.4,-5.4,23.7,2,監視候補,監視候補,負けにくさ良好,既存候補外で価格検証に残ったため、監視候補として確認します,財務、材料、出来高,なし,高値更新型で勢いがある
112.8,112.8,112.8,4438,Welby Inc.,Growth Market(Domestic),Information & Communication,様子見候補,中立,待ち,安値反転,72.3,100,27.6,-2.4,-29.6,1,様子見,様子見,検証回数少なめ,価格検証は良いものの回数が少ないため、まず財務と出来高を確認します,財務、材料、出来高,検証回数少なめ,安値反転の検証が良い
112.7,112.7,112.7,8001,ITOCHU Corporation,Prime Market (Domestic),Wholesale Trade,未発掘の監視候補,良さそう,待ち,高値更新,55.9,100,9.1,-2.7,22.1,2,様子見,様子見,負けにくさ良好,既存候補外で価格検証に残ったため、監視候補として確認します,財務、材料、出来高,なし,高値更新型で勢いがある
112.5,112.5,112.5,6533,Orchestra Holdings Inc.,Prime Market (Domestic),Services,押し目待ちで監視,良さそう,高値圏,高値更新,70.9,100,17,0,58.7,2,高値なので待つ,高値なので待つ,飛びつき注意,価格検証は強いですが、高値圏または急騰後です。押し目が出るまで待ちます,押し目、出来高継続、材料,高値圏,高値更新型で勢いがある
112.5,112.5,112.5,1847,"ICHIKEN Co.,Ltd.",Standard Market(Domestic),Construction,未発掘の監視候補,良さそう,待ち,高値更新,53.8,75,10.7,-4.9,68,4,様子見,様子見,財務確認前,既存候補外で価格検証に残ったため、監視候補として確認します,財務、材料、出来高,なし,高値更新型で勢いがある
112,112,112,8550,"THE TOCHIGI BANK,LTD.",Prime Market (Domestic),Banks,未発掘の監視候補,良さそう,待ち,高値更新,54.4,80,10.2,-7.5,136.2,5,監視候補,監視候補,負けにくさ良好,既存候補外で価格検証に残ったため、監視候補として確認します,財務、材料、出来高,なし,高値更新型で勢いがある
111.9,111.9,111.9,6265,CONVUM Ltd.,Standard Market(Domestic),Machinery,未発掘の監視候補,良さそう,待ち,上昇中押し目,55.4,100,8.9,-2.8,82.7,2,様子見,様子見,負けにくさ良好,既存候補外で価格検証に残ったため、監視候補として確認します,財務、材料、出来高,なし,価格検証で候補圏に残った
111.9,111.9,111.9,5218,OHARA INC.,Standard Market(Domestic),Glass and Ceramics Products,未発掘の監視候補,良さそう,待ち,安値反転,55.3,100,8.7,-2.5,51.7,2,様子見,様子見,負けにくさ良好,既存候補外で価格検証に残ったため、監視候補として確認します,財務、材料、出来高,なし,安値反転の検証が良い
111.8,111.8,111.8,6351,"TSURUMI MANUFACTURING CO.,LTD.",Prime Market (Domestic),Machinery,未発掘の監視候補,良さそう,待ち,安値反転,55.4,100,9,-2.9,24.8,2,様子見,様子見,負けにくさ良好,既存候補外で価格検証に残ったため、監視候補として確認します,財務、材料、出来高,なし,安値反転の検証が良い
111.7,111.7,111.7,3768,Riskmonster.com,Standard Market(Domestic),Information & Communication,未発掘の監視候補,良さそう,待ち,安値反転,55.4,100,9,-3,13,2,様子見,様子見,負けにくさ良好,既存候補外で価格検証に残ったため、監視候補として確認します,財務、材料、出来高,なし,安値反転の検証が良い
111.7,111.7,111.7,2669,"Kanemi Co.,Ltd.",Standard Market(Domestic),Retail Trade,未発掘の監視候補,良さそう,待ち,安値反転,55.2,100,8.7,-2.6,16.2,2,様子見,様子見,負けにくさ良好,既存候補外で価格検証に残ったため、監視候補として確認します,財務、材料、出来高,なし,安値反転の検証が良い
111.5,111.5,111.5,6176,Brangista Inc.,Standard Market(Domestic),Services,様子見候補,中立,待ち,安値反転,71.2,100,26.6,-1.7,44.9,1,様子見,様子見,検証回数少なめ,価格検証は良いものの回数が少ないため、まず財務と出来高を確認します,財務、材料、出来高,検証回数少なめ,安値反転の検証が良い
111.5,111.5,111.5,3566,"UNIFORM NEXT CO.,LTD.",Growth Market(Domestic),Retail Trade,未発掘の監視候補,良さそう,待ち,上昇中押し目,56.4,100,11.2,-5.8,45.9,2,監視候補,監視候補,負けにくさ良好,既存候補外で価格検証に残ったため、監視候補として確認します,財務、材料、出来高,なし,価格検証で候補圏に残った
111.1,111.1,111.1,9507,"Shikoku Electric Power Company,Incorporated",Prime Market (Domestic),Electric Power and Gas,未発掘の監視候補,良さそう,待ち,上昇中押し目,55.9,100,10.5,-5.1,22.6,2,監視候補,監視候補,負けにくさ良好,既存候補外で価格検証に残ったため、監視候補として確認します,財務、材料、出来高,なし,価格検証で候補圏に残った
111.1,111.1,111.1,9380,"Azuma Shipping Co.,Ltd.",Standard Market(Domestic),Warehousing and Harbor Transportation Service,未発掘の監視候補,良さそう,待ち,高値更新,54.8,100,8.2,-2.3,26.8,2,様子見,様子見,負けにくさ良好,既存候補外で価格検証に残ったため、監視候補として確認します,財務、材料、出来高,なし,高値更新型で勢いがある
111,111,111,4063,"Shin-Etsu Chemical Co.,Ltd.",Prime Market (Domestic),Chemicals,未発掘の監視候補,良さそう,待ち,上昇中押し目,54.5,100,8.4,-5.3,61.1,3,様子見,様子見,負けにくさ良好,既存候補外で価格検証に残ったため、監視候補として確認します,財務、材料、出来高,なし,価格検証で候補圏に残った
110.9,110.9,110.9,6645,OMRON Corporation,Prime Market (Domestic),Electric Appliances,未発掘の財務確認候補,中立,上昇中押し目,安値反転,68.2,100,22.3,-3.7,55.8,1,財務確認して監視,財務確認して監視,検証回数少なめ,押し目候補ですが、通常候補へ入れる前に財務確認が必要です,BPS、EPS、現金、有利子負債、直近決算,検証回数少なめ,既存候補外で上昇中の押し目に見える
110.9,110.9,110.9,3444,"KIKUCHI SEISAKUSHO CO.,LTD.",Standard Market(Domestic),Metal Products,押し目待ちで監視,良さそう,上昇中押し目,高値更新,62.6,83.3,10.1,-8.9,340.4,6,高値なので待つ,高値なので待つ,飛びつき注意,価格検証は強いですが、高値圏または急騰後です。押し目が出るまで待ちます,押し目、出来高継続、材料,急騰後,既存候補外で上昇中の押し目に見える
110.8,110.8,110.8,6634,JN Group Inc.,Standard Market(Domestic),Electric Appliances,様子見候補,中立,待ち,安値反転,70,100,25,0,-45.9,1,様子見,様子見,検証回数少なめ,価格検証は良いものの回数が少ないため、まず財務と出来高を確認します,財務、材料、出来高,検証回数少なめ,安値反転の検証が良い
110.8,110.8,110.8,5028,"SecondXight Analytica,Inc.",Growth Market(Domestic),Information & Communication,未発掘の監視候補,良さそう,安値反転候補,安値反転,57.1,66.7,9.4,-3.3,-2.8,3,様子見,様子見,財務確認前,既存候補外で価格検証に残ったため、監視候補として確認します,財務、材料、出来高,なし,安値反転の検証が良い
110.8,110.8,110.8,6594,NIDEC CORPORATION,Prime Market (Domestic),Electric Appliances,未発掘の監視候補,良さそう,待ち,上昇中押し目,55.3,100,9.5,-4,2.3,2,様子見,様子見,負けにくさ良好,既存候補外で価格検証に残ったため、監視候補として確認します,財務、材料、出来高,なし,価格検証で候補圏に残った
110.8,110.8,110.8,8308,"Resona Holdings, Inc.",Prime Market (Domestic),Banks,未発掘の監視候補,良さそう,待ち,上昇中押し目,54.4,100,8.3,-5.3,66.3,3,様子見,様子見,負けにくさ良好,既存候補外で価格検証に残ったため、監視候補として確認します,財務、材料、出来高,なし,価格検証で候補圏に残った
110.6,110.6,110.6,5332,TOTO LTD.,Prime Market (Domestic),Glass and Ceramics Products,未発掘の監視候補,良さそう,待ち,高値更新,53.4,83.3,8.1,-6.5,145.1,6,様子見,様子見,負けにくさ良好,既存候補外で価格検証に残ったため、監視候補として確認します,財務、材料、出来高,なし,高値更新型で勢いがある
110.2,110.2,110.2,4047,"KANTO DENKA KOGYO CO.,LTD.",Prime Market (Domestic),Chemicals,押し目待ちで監視,良さそう,上昇中押し目,高値更新,62.9,75,12.7,-10.6,336.4,8,高値なので待つ,高値なので待つ,飛びつき注意,価格検証は強いですが、高値圏または急騰後です。押し目が出るまで待ちます,押し目、出来高継続、材料,急騰後,既存候補外で上昇中の押し目に見える
110.1,110.1,110.1,1926,"RAITO KOGYO CO.,LTD.",Prime Market (Domestic),Construction,未発掘の財務確認候補,良さそう,上昇中押し目,上昇中押し目,57.7,100,5.5,-4.4,38.6,3,財務確認して監視,財務確認して監視,負けにくさ良好,押し目候補ですが、通常候補へ入れる前に財務確認が必要です,BPS、EPS、現金、有利子負債、直近決算,なし,既存候補外で上昇中の押し目に見える
110,110,110,255A,"GLTECHNO HOLDINGS,INC.",Standard Market(Domestic),Precision Instruments,未発掘の財務確認候補,中立,上昇中押し目,安値反転,66.4,100,19.7,-0.8,119.1,1,財務確認して監視,財務確認して監視,検証回数少なめ,押し目候補ですが、通常候補へ入れる前に財務確認が必要です,BPS、EPS、現金、有利子負債、直近決算,検証回数少なめ,既存候補外で上昇中の押し目に見える
110,110,110,6741,"Nippon Signal Company,Limited",Prime Market (Domestic),Electric Appliances,未発掘の監視候補,良さそう,待ち,高値更新,54.3,100,8.4,-2.9,46,2,様子見,様子見,負けにくさ良好,既存候補外で価格検証に残ったため、監視候補として確認します,財務、材料、出来高,なし,高値更新型で勢いがある
